Start_Position,End_Position,Length,Sequence,GC_%,Tm_C,Duplex_DeltaG_kcal_mol,Entropy,G_Quad,Self_Dimer,Max_Off_Target_%,Pred_Exon7_Inclusion_%,Smart_Score,Is_Baseline_Drug,CpG_Motif_Present,CpG_Count,Poly_Run_Flag,G_Quadruplex_Flag,GC_Content_%,Hepatotox_Risk_Score,OffTarget_Risk,Overall_Tox_Rating
7,30,24,GAUUCACUUUCAUAAUGCUGGCAG,41.7,64.8,-36.3,1.971,False,False,41.7,88.4,292.6,False,False,0,False,False,41.67,0,ACCEPTABLE,LOW
7,28,22,UUCACUUUCAUAAUGCUGGCAG,40.9,63.1,-32.8,1.949,False,False,43.2,92.8,289.8,False,False,0,False,False,40.91,0,ACCEPTABLE,LOW
7,27,21,UCACUUUCAUAAUGCUGGCAG,42.9,63.0,-31.9,1.97,False,False,45.2,93.6,289.4,False,False,0,False,False,42.86,0,ACCEPTABLE,LOW
9,30,22,GAUUCACUUUCAUAAUGCUGGC,40.9,62.4,-32.4,1.949,False,False,45.5,91.9,286.9,False,False,0,False,False,40.91,0,ACCEPTABLE,LOW
7,26,20,CACUUUCAUAAUGCUGGCAG,45.0,61.2,-30.7,1.985,False,False,47.5,91.8,282.9,False,False,0,False,False,45.0,0,ACCEPTABLE,LOW
8,27,20,UCACUUUCAUAAUGCUGGCA,40.0,61.6,-29.3,1.941,False,False,47.5,92.3,281.6,False,False,0,False,False,40.0,0,ACCEPTABLE,LOW
7,31,25,AGAUUCACUUUCAUAAUGCUGGCAG,40.0,65.9,-37.9,1.969,False,False,40.0,75.1,280.6,False,False,0,False,False,40.0,0,ACCEPTABLE,LOW
9,28,20,UUCACUUUCAUAAUGCUGGC,40.0,60.2,-28.9,1.904,False,False,45.0,93.9,280.4,False,False,0,False,False,40.0,0,ACCEPTABLE,LOW
8,26,19,CACUUUCAUAAUGCUGGCA,42.1,59.6,-28.1,1.959,False,False,50.0,92.9,277.6,False,False,0,False,False,42.11,0,ACCEPTABLE,LOW
7,25,19,ACUUUCAUAAUGCUGGCAG,42.1,59.5,-28.4,1.978,False,False,50.0,91.8,276.8,False,False,0,False,False,42.11,0,ACCEPTABLE,LOW
9,27,19,UCACUUUCAUAAUGCUGGC,42.1,60.1,-28.0,1.931,False,False,47.4,91.6,276.3,False,False,0,False,False,42.11,0,ACCEPTABLE,LOW
9,26,18,CACUUUCAUAAUGCUGGC,44.4,57.8,-26.8,1.955,False,False,50.0,93.5,273.6,False,False,0,False,False,44.44,0,ACCEPTABLE,LOW
8,31,24,AGAUUCACUUUCAUAAUGCUGGCA,37.5,64.8,-35.3,1.949,False,False,41.7,88.1,269.2,False,False,0,False,False,37.5,0,ACCEPTABLE,LOW
8,30,23,GAUUCACUUUCAUAAUGCUGGCA,39.1,63.7,-33.7,1.953,False,False,43.5,88.2,266.0,False,False,0,False,False,39.13,0,ACCEPTABLE,LOW
7,24,18,CUUUCAUAAUGCUGGCAG,44.4,57.2,-27.1,1.975,False,False,52.8,86.2,264.6,False,False,0,False,False,44.44,0,ACCEPTABLE,LOW
7,29,23,AUUCACUUUCAUAAUGCUGGCAG,39.1,63.3,-33.7,1.953,False,False,41.3,86.8,263.7,False,False,0,False,False,39.13,0,ACCEPTABLE,LOW
9,31,23,AGAUUCACUUUCAUAAUGCUGGC,39.1,63.6,-34.0,1.953,False,False,43.5,85.7,263.5,False,False,0,False,False,39.13,0,ACCEPTABLE,LOW
9,32,24,AAGAUUCACUUUCAUAAUGCUGGC,37.5,63.7,-34.9,1.949,False,False,45.8,85.2,263.3,False,False,0,False,False,37.5,0,ACCEPTABLE,LOW
10,31,22,AGAUUCACUUUCAUAAUGCUGG,36.4,60.1,-30.6,1.936,False,False,45.5,93.9,261.3,False,False,0,False,False,36.36,0,ACCEPTABLE,LOW
8,28,21,UUCACUUUCAUAAUGCUGGCA,38.1,61.8,-30.2,1.917,False,False,45.2,91.7,261.1,False,False,0,False,False,38.1,0,ACCEPTABLE,LOW
8,29,22,AUUCACUUUCAUAAUGCUGGCA,36.4,62.0,-31.1,1.92,False,False,43.2,90.8,261.0,False,False,0,False,False,36.36,0,ACCEPTABLE,LOW
9,25,17,ACUUUCAUAAUGCUGGC,41.2,55.7,-24.5,1.954,False,False,52.9,87.9,260.4,False,False,0,False,False,41.18,0,ACCEPTABLE,LOW
9,29,21,AUUCACUUUCAUAAUGCUGGC,38.1,60.5,-29.8,1.917,False,False,45.2,92.0,259.1,False,False,0,False,False,38.1,0,ACCEPTABLE,LOW
10,33,24,UAAGAUUCACUUUCAUAAUGCUGG,33.3,60.6,-32.6,1.911,False,False,45.8,88.5,256.7,False,False,0,False,False,33.33,0,ACCEPTABLE,LOW
9,33,25,UAAGAUUCACUUUCAUAAUGCUGGC,36.0,63.9,-36.0,1.932,False,False,44.0,78.2,256.0,False,False,0,False,False,36.0,0,ACCEPTABLE,LOW
10,30,21,GAUUCACUUUCAUAAUGCUGG,38.1,58.6,-29.0,1.935,False,False,47.6,92.3,255.5,False,False,0,False,False,38.1,0,ACCEPTABLE,LOW
8,24,17,CUUUCAUAAUGCUGGCA,41.2,55.2,-24.5,1.954,False,False,55.9,84.3,255.3,False,False,0,False,False,41.18,0,ACCEPTABLE,LOW
10,26,17,CACUUUCAUAAUGCUGG,41.2,52.7,-23.4,1.954,False,False,52.9,88.9,255.3,False,False,0,False,False,41.18,0,ACCEPTABLE,LOW
8,32,25,AAGAUUCACUUUCAUAAUGCUGGCA,36.0,64.8,-36.2,1.939,False,False,44.0,75.7,254.8,False,False,0,False,False,36.0,0,ACCEPTABLE,LOW
10,32,23,AAGAUUCACUUUCAUAAUGCUGG,34.8,60.2,-31.5,1.93,False,False,47.8,86.1,252.6,False,False,0,False,False,34.78,0,ACCEPTABLE,LOW
10,34,25,GUAAGAUUCACUUUCAUAAUGCUGG,36.0,62.2,-35.2,1.932,False,False,46.0,78.2,252.3,False,False,0,False,False,36.0,0,ACCEPTABLE,LOW
8,25,18,ACUUUCAUAAUGCUGGCA,38.9,57.8,-25.8,1.955,False,False,52.8,93.2,251.2,False,False,0,False,False,38.89,0,ACCEPTABLE,LOW
7,23,17,UUUCAUAAUGCUGGCAG,41.2,55.2,-24.9,1.954,False,False,50.0,79.8,250.5,False,False,0,False,False,41.18,0,ACCEPTABLE,LOW
9,24,16,CUUUCAUAAUGCUGGC,43.8,52.9,-23.2,1.936,False,False,56.2,83.7,248.9,False,False,0,False,False,43.75,0,ACCEPTABLE,LOW
11,34,24,GUAAGAUUCACUUUCAUAAUGCUG,33.3,59.2,-32.1,1.911,False,False,45.8,83.6,248.0,False,False,0,False,False,33.33,0,ACCEPTABLE,LOW
10,29,20,AUUCACUUUCAUAAUGCUGG,35.0,56.3,-26.4,1.904,False,False,47.5,92.0,246.0,False,False,0,False,False,35.0,0,ACCEPTABLE,LOW
10,28,19,UUCACUUUCAUAAUGCUGG,36.8,55.9,-25.5,1.892,False,False,47.4,91.3,244.0,False,False,0,False,False,36.84,0,ACCEPTABLE,LOW
11,32,22,AAGAUUCACUUUCAUAAUGCUG,31.8,56.8,-28.4,1.896,False,False,47.7,88.6,244.0,False,False,0,False,False,31.82,0,ACCEPTABLE,LOW
10,27,18,UCACUUUCAUAAUGCUGG,38.9,55.5,-24.6,1.925,False,False,50.0,91.7,243.9,True,False,0,False,False,38.89,0,ACCEPTABLE,LOW
7,22,16,UUCAUAAUGCUGGCAG,43.8,54.8,-24.0,1.977,False,False,46.9,73.8,241.5,False,False,0,False,False,43.75,0,ACCEPTABLE,LOW
11,31,21,AGAUUCACUUUCAUAAUGCUG,33.3,56.5,-27.5,1.904,False,False,47.6,87.1,241.2,False,False,0,False,False,33.33,0,ACCEPTABLE,LOW
11,35,25,AGUAAGAUUCACUUUCAUAAUGCUG,32.0,60.5,-33.7,1.903,False,False,48.0,74.1,240.3,False,False,0,False,False,32.0,0,ACCEPTABLE,LOW
11,33,23,UAAGAUUCACUUUCAUAAUGCUG,30.4,57.3,-29.5,1.874,False,False,45.7,83.8,239.7,False,False,0,False,False,30.43,0,ACCEPTABLE,LOW
11,30,20,GAUUCACUUUCAUAAUGCUG,35.0,54.8,-25.9,1.904,False,False,50.0,88.9,239.3,False,False,0,False,False,35.0,0,ACCEPTABLE,LOW
12,35,24,AGUAAGAUUCACUUUCAUAAUGCU,29.2,59.1,-31.1,1.865,False,False,50.0,79.7,239.2,False,False,0,False,False,29.17,0,ACCEPTABLE,LOW
10,24,15,CUUUCAUAAUGCUGG,40.0,46.6,-19.8,1.922,False,False,60.0,84.0,234.6,False,False,0,False,False,40.0,0,ACCEPTABLE,LOW
9,23,15,UUUCAUAAUGCUGGC,40.0,50.5,-21.0,1.922,False,False,53.3,76.9,233.8,False,False,0,False,False,40.0,0,ACCEPTABLE,LOW
12,34,23,GUAAGAUUCACUUUCAUAAUGCU,30.4,57.7,-29.5,1.874,False,False,47.8,77.8,233.1,False,False,0,False,False,30.43,0,ACCEPTABLE,LOW
7,21,15,UCAUAAUGCUGGCAG,46.7,54.3,-23.1,1.99,False,False,50.0,67.5,232.0,False,False,0,False,False,46.67,0,ACCEPTABLE,LOW
13,34,22,GUAAGAUUCACUUUCAUAAUGC,31.8,56.1,-28.3,1.896,False,False,50.0,79.2,231.6,False,False,0,False,False,31.82,0,ACCEPTABLE,LOW
8,22,15,UUCAUAAUGCUGGCA,40.0,52.5,-21.4,1.966,False,False,50.0,71.6,231.4,False,False,0,False,False,40.0,0,ACCEPTABLE,LOW
13,36,24,AAGUAAGAUUCACUUUCAUAAUGC,29.2,57.9,-30.8,1.865,False,False,54.2,74.5,230.7,False,False,0,False,False,29.17,0,ACCEPTABLE,LOW
12,33,22,UAAGAUUCACUUUCAUAAUGCU,27.3,55.6,-26.9,1.815,False,False,47.7,81.7,228.6,False,False,0,False,False,27.27,0,ACCEPTABLE,LOW
11,29,19,AUUCACUUUCAUAAUGCUG,31.6,52.2,-23.3,1.847,False,False,50.0,88.2,228.3,False,False,0,False,False,31.58,0,ACCEPTABLE,LOW
12,32,21,AAGAUUCACUUUCAUAAUGCU,28.6,55.0,-25.8,1.837,False,False,50.0,82.2,227.5,False,False,0,False,False,28.57,0,ACCEPTABLE,LOW
12,31,20,AGAUUCACUUUCAUAAUGCU,30.0,54.7,-24.9,1.846,False,False,50.0,82.8,227.1,False,False,0,False,False,30.0,0,ACCEPTABLE,LOW
13,35,23,AGUAAGAUUCACUUUCAUAAUGC,30.4,57.7,-29.9,1.882,False,False,52.2,72.1,227.0,False,False,0,False,False,30.43,0,ACCEPTABLE,LOW
11,28,18,UUCACUUUCAUAAUGCUG,33.3,51.5,-22.4,1.837,False,False,50.0,87.9,226.5,False,False,0,False,False,33.33,0,ACCEPTABLE,LOW
12,36,25,AAGUAAGAUUCACUUUCAUAAUGCU,28.0,59.3,-32.0,1.851,False,False,52.0,67.9,225.9,False,False,0,False,False,28.0,0,ACCEPTABLE,LOW
12,30,19,GAUUCACUUUCAUAAUGCU,31.6,52.8,-23.3,1.847,False,False,52.6,84.0,224.1,False,False,0,False,False,31.58,0,ACCEPTABLE,LOW
10,25,16,ACUUUCAUAAUGCUGG,37.5,50.1,-21.1,1.936,False,False,56.2,85.5,222.6,False,False,0,False,False,37.5,0,ACCEPTABLE,LOW
11,27,17,UCACUUUCAUAAUGCUG,35.3,51.0,-21.5,1.873,False,False,50.0,83.9,220.7,False,False,0,False,False,35.29,0,ACCEPTABLE,LOW
13,33,21,UAAGAUUCACUUUCAUAAUGC,28.6,53.9,-25.7,1.837,False,False,50.0,77.3,219.9,False,False,0,False,False,28.57,0,ACCEPTABLE,LOW
13,31,19,AGAUUCACUUUCAUAAUGC,31.6,52.8,-23.7,1.871,False,False,50.0,79.1,219.2,False,False,0,False,False,31.58,0,ACCEPTABLE,LOW
13,37,25,AAAGUAAGAUUCACUUUCAUAAUGC,28.0,58.2,-31.7,1.845,False,False,52.0,63.7,218.7,False,False,0,False,False,28.0,0,ACCEPTABLE,LOW
8,23,16,UUUCAUAAUGCUGGCA,37.5,53.1,-22.3,1.936,False,False,53.1,76.7,218.2,False,False,0,False,False,37.5,0,ACCEPTABLE,LOW
13,32,20,AAGAUUCACUUUCAUAAUGC,30.0,53.2,-24.6,1.857,False,False,52.5,77.3,218.1,False,False,0,False,False,30.0,0,ACCEPTABLE,LOW
11,26,16,CACUUUCAUAAUGCUG,37.5,47.5,-20.3,1.906,False,False,50.0,83.9,215.2,False,False,0,False,False,37.5,0,ACCEPTABLE,LOW
14,35,22,AGUAAGAUUCACUUUCAUAAUG,27.3,53.6,-26.5,1.845,False,False,54.5,72.4,214.1,False,False,0,False,False,27.27,0,ACCEPTABLE,LOW
14,37,24,AAAGUAAGAUUCACUUUCAUAAUG,25.0,54.3,-28.3,1.805,False,False,54.2,69.7,213.2,False,False,0,False,False,25.0,0,ACCEPTABLE,LOW
14,34,21,GUAAGAUUCACUUUCAUAAUG,28.6,51.7,-24.9,1.861,False,False,52.4,75.1,213.0,False,False,0,False,False,28.57,0,ACCEPTABLE,LOW
13,30,18,GAUUCACUUUCAUAAUGC,33.3,50.7,-22.1,1.878,False,False,50.0,76.7,211.8,False,False,0,False,False,33.33,0,ACCEPTABLE,LOW
14,36,23,AAGUAAGAUUCACUUUCAUAAUG,26.1,54.0,-27.4,1.826,False,False,56.5,68.3,210.4,False,False,0,False,False,26.09,0,ACCEPTABLE,LOW
12,29,18,AUUCACUUUCAUAAUGCU,27.8,49.8,-20.7,1.747,False,False,52.8,81.7,210.2,False,False,0,False,False,27.78,0,ACCEPTABLE,LOW
15,36,22,AAGUAAGAUUCACUUUCAUAAU,22.7,52.0,-24.8,1.765,False,False,59.1,70.7,204.1,False,False,0,False,False,22.73,0,ACCEPTABLE,LOW
14,38,25,AAAAGUAAGAUUCACUUUCAUAAUG,24.0,54.7,-29.2,1.781,False,False,56.0,60.4,203.2,False,False,0,True,False,24.0,1,ACCEPTABLE,MODERATE
12,27,16,UCACUUUCAUAAUGCU,31.2,48.3,-18.9,1.772,False,False,53.1,77.6,202.3,False,False,0,False,False,31.25,0,ACCEPTABLE,LOW
12,28,17,UUCACUUUCAUAAUGCU,29.4,49.0,-19.8,1.735,False,False,52.9,76.4,202.0,False,False,0,False,False,29.41,0,ACCEPTABLE,LOW
15,35,21,AGUAAGAUUCACUUUCAUAAU,23.8,51.5,-23.9,1.785,False,False,57.1,69.8,201.7,False,False,0,False,False,23.81,0,ACCEPTABLE,LOW
15,38,24,AAAAGUAAGAUUCACUUUCAUAAU,20.8,52.9,-26.6,1.718,False,False,58.3,66.1,201.2,False,False,0,True,False,20.83,1,ACCEPTABLE,MODERATE
11,25,15,ACUUUCAUAAUGCUG,33.3,44.4,-18.0,1.889,False,False,53.3,80.7,201.0,False,False,0,False,False,33.33,0,ACCEPTABLE,LOW
14,33,20,UAAGAUUCACUUUCAUAAUG,25.0,49.1,-22.3,1.802,False,False,52.5,73.6,200.9,False,False,0,False,False,25.0,0,ACCEPTABLE,LOW
16,39,24,CAAAAGUAAGAUUCACUUUCAUAA,25.0,54.2,-28.0,1.764,False,False,56.2,60.3,200.8,False,False,0,True,False,25.0,1,ACCEPTABLE,MODERATE
15,37,23,AAAGUAAGAUUCACUUUCAUAAU,21.7,52.5,-25.7,1.742,False,False,56.5,66.1,199.9,False,False,0,False,False,21.74,0,ACCEPTABLE,LOW
14,32,19,AAGAUUCACUUUCAUAAUG,26.3,48.2,-21.2,1.824,False,False,55.3,74.4,199.7,False,False,0,False,False,26.32,0,ACCEPTABLE,LOW
3,27,25,UCACUUUCAUAAUGCUGGCAGACUU,40.0,67.2,-37.9,1.942,False,False,44.0,5.0,198.1,False,False,0,False,False,40.0,0,ACCEPTABLE,LOW
4,28,25,UUCACUUUCAUAAUGCUGGCAGACU,40.0,67.2,-37.9,1.942,False,False,40.0,5.0,198.1,False,False,0,False,False,40.0,0,ACCEPTABLE,LOW
14,31,18,AGAUUCACUUUCAUAAUG,27.8,47.4,-20.3,1.841,False,False,52.8,73.8,197.5,False,False,0,False,False,27.78,0,ACCEPTABLE,LOW
13,29,17,AUUCACUUUCAUAAUGC,29.4,47.4,-19.5,1.778,False,False,50.0,74.4,197.2,False,False,0,False,False,29.41,0,ACCEPTABLE,LOW
4,27,24,UCACUUUCAUAAUGCUGGCAGACU,41.7,67.3,-37.0,1.959,False,False,41.7,5.0,197.0,False,False,0,False,False,41.67,0,ACCEPTABLE,LOW
1,25,25,ACUUUCAUAAUGCUGGCAGACUUAC,40.0,66.4,-37.8,1.957,False,False,52.0,5.0,196.9,False,False,0,False,False,40.0,0,ACCEPTABLE,LOW
6,30,25,GAUUCACUUUCAUAAUGCUGGCAGA,40.0,66.2,-37.9,1.969,False,False,40.0,5.0,196.8,False,False,0,False,False,40.0,0,ACCEPTABLE,LOW
16,37,22,AAAGUAAGAUUCACUUUCAUAA,22.7,52.0,-24.8,1.749,False,False,59.1,64.8,196.7,False,False,0,False,False,22.73,0,ACCEPTABLE,LOW
16,36,21,AAGUAAGAUUCACUUUCAUAA,23.8,51.5,-23.9,1.776,False,False,59.5,65.8,196.6,False,False,0,False,False,23.81,0,ACCEPTABLE,LOW
5,29,25,AUUCACUUUCAUAAUGCUGGCAGAC,40.0,66.3,-37.6,1.957,False,False,38.0,5.0,196.4,False,False,0,False,False,40.0,0,ACCEPTABLE,LOW
12,26,15,CACUUUCAUAAUGCU,33.3,44.4,-17.7,1.806,False,False,53.3,77.9,196.3,False,False,0,False,False,33.33,0,ACCEPTABLE,LOW
2,26,25,CACUUUCAUAAUGCUGGCAGACUUA,40.0,66.0,-37.8,1.957,False,False,48.0,5.0,196.3,False,False,0,False,False,40.0,0,ACCEPTABLE,LOW
17,40,24,ACAAAAGUAAGAUUCACUUUCAUA,25.0,56.0,-28.4,1.764,False,False,54.2,53.8,196.2,False,False,0,True,False,25.0,1,ACCEPTABLE,MODERATE
17,39,23,CAAAAGUAAGAUUCACUUUCAUA,26.1,53.9,-27.1,1.79,False,False,54.3,57.2,196.1,False,False,0,True,False,26.09,1,ACCEPTABLE,MODERATE
13,28,16,UUCACUUUCAUAAUGC,31.2,46.6,-18.6,1.772,False,False,53.1,74.6,195.6,False,False,0,False,False,31.25,0,ACCEPTABLE,LOW
15,34,20,GUAAGAUUCACUUUCAUAAU,25.0,49.5,-22.3,1.802,False,False,55.0,68.3,195.2,False,False,0,False,False,25.0,0,ACCEPTABLE,LOW
5,28,24,UUCACUUUCAUAAUGCUGGCAGAC,41.7,66.2,-36.7,1.959,False,False,39.6,5.0,194.9,False,False,0,False,False,41.67,0,ACCEPTABLE,LOW
3,26,24,CACUUUCAUAAUGCUGGCAGACUU,41.7,65.9,-36.7,1.959,False,False,45.8,5.0,194.5,False,False,0,False,False,41.67,0,ACCEPTABLE,LOW
16,35,20,AGUAAGAUUCACUUUCAUAA,25.0,50.9,-23.0,1.802,False,False,57.5,65.0,194.4,False,False,0,False,False,25.0,0,ACCEPTABLE,LOW
13,27,15,UCACUUUCAUAAUGC,33.3,45.7,-17.7,1.806,False,False,56.7,74.4,194.1,False,False,0,False,False,33.33,0,ACCEPTABLE,LOW
18,39,22,CAAAAGUAAGAUUCACUUUCAU,27.3,53.2,-26.0,1.815,False,False,56.8,56.8,193.8,False,False,0,True,False,27.27,1,ACCEPTABLE,MODERATE
16,40,25,ACAAAAGUAAGAUUCACUUUCAUAA,24.0,56.3,-29.3,1.737,False,False,56.0,50.8,193.7,False,False,0,True,False,24.0,1,ACCEPTABLE,MODERATE
5,27,23,UCACUUUCAUAAUGCUGGCAGAC,43.5,66.2,-35.8,1.973,False,False,41.3,5.0,193.7,False,False,0,False,False,43.48,0,ACCEPTABLE,LOW
15,39,25,CAAAAGUAAGAUUCACUUUCAUAAU,24.0,54.7,-28.9,1.762,False,False,56.0,53.0,193.6,False,False,0,True,False,24.0,1,ACCEPTABLE,MODERATE
4,26,23,CACUUUCAUAAUGCUGGCAGACU,43.5,65.9,-35.8,1.973,False,False,43.5,5.0,193.3,False,False,0,False,False,43.48,0,ACCEPTABLE,LOW
1,24,24,CUUUCAUAAUGCUGGCAGACUUAC,41.7,64.9,-36.5,1.959,False,False,54.2,5.0,192.7,False,False,0,False,False,41.67,0,ACCEPTABLE,LOW
16,34,19,GUAAGAUUCACUUUCAUAA,26.3,48.8,-21.4,1.824,False,False,55.3,66.9,192.0,False,False,0,False,False,26.32,0,ACCEPTABLE,LOW
18,41,24,UACAAAAGUAAGAUUCACUUUCAU,25.0,56.0,-28.4,1.784,False,False,54.2,49.3,191.1,False,False,0,True,False,25.0,1,ACCEPTABLE,MODERATE
17,38,22,AAAAGUAAGAUUCACUUUCAUA,22.7,52.0,-24.8,1.749,False,False,56.8,60.0,191.0,False,False,0,True,False,22.73,1,ACCEPTABLE,MODERATE
17,37,21,AAAGUAAGAUUCACUUUCAUA,23.8,51.5,-23.9,1.776,False,False,57.1,60.9,190.8,False,False,0,False,False,23.81,0,ACCEPTABLE,LOW
19,40,22,ACAAAAGUAAGAUUCACUUUCA,27.3,55.0,-26.4,1.79,False,False,56.8,51.5,190.5,False,False,0,True,False,27.27,1,ACCEPTABLE,MODERATE
16,38,23,AAAAGUAAGAUUCACUUUCAUAA,21.7,52.4,-25.7,1.721,False,False,58.7,58.4,190.4,False,False,0,True,False,21.74,1,ACCEPTABLE,MODERATE
17,36,20,AAGUAAGAUUCACUUUCAUA,25.0,50.9,-23.0,1.802,False,False,57.5,61.3,189.9,False,False,0,False,False,25.0,0,ACCEPTABLE,LOW
5,26,22,CACUUUCAUAAUGCUGGCAGAC,45.5,64.7,-34.6,1.981,False,False,43.2,5.0,189.8,False,False,0,False,False,45.45,0,ACCEPTABLE,LOW
17,35,19,AGUAAGAUUCACUUUCAUA,26.3,50.4,-22.1,1.824,False,False,55.3,62.2,189.7,False,False,0,False,False,26.32,0,ACCEPTABLE,LOW
18,40,23,ACAAAAGUAAGAUUCACUUUCAU,26.1,55.5,-27.3,1.79,False,False,56.5,49.5,189.5,False,False,0,True,False,26.09,1,ACCEPTABLE,MODERATE
17,41,25,UACAAAAGUAAGAUUCACUUUCAUA,24.0,56.5,-29.5,1.762,False,False,52.0,46.6,189.4,False,False,0,True,False,24.0,1,ACCEPTABLE,MODERATE
4,25,22,ACUUUCAUAAUGCUGGCAGACU,40.9,64.8,-33.5,1.97,False,False,45.5,5.0,188.1,False,False,0,False,False,40.91,0,ACCEPTABLE,LOW
19,41,23,UACAAAAGUAAGAUUCACUUUCA,26.1,55.6,-27.5,1.79,False,False,54.3,48.0,188.1,False,False,0,True,False,26.09,1,ACCEPTABLE,MODERATE
6,27,22,UCACUUUCAUAAUGCUGGCAGA,40.9,64.7,-33.5,1.97,False,False,43.2,5.0,188.0,False,False,0,False,False,40.91,0,ACCEPTABLE,LOW
19,42,24,UUACAAAAGUAAGAUUCACUUUCA,25.0,55.9,-28.4,1.784,False,False,52.1,46.1,187.1,False,False,0,True,False,25.0,1,ACCEPTABLE,MODERATE
19,39,21,CAAAAGUAAGAUUCACUUUCA,28.6,52.7,-25.1,1.819,False,False,57.1,52.3,187.0,False,False,0,True,False,28.57,1,ACCEPTABLE,MODERATE
15,33,19,UAAGAUUCACUUUCAUAAU,21.1,46.6,-19.7,1.7,False,False,55.3,70.7,186.8,False,False,0,False,False,21.05,0,ACCEPTABLE,LOW
1,22,22,UUCAUAAUGCUGGCAGACUUAC,40.9,63.7,-33.4,1.97,False,False,50.0,5.0,186.3,False,False,0,False,False,40.91,0,ACCEPTABLE,LOW
20,41,22,UACAAAAGUAAGAUUCACUUUC,27.3,53.8,-26.2,1.815,False,False,56.8,48.8,185.3,False,False,0,True,False,27.27,1,ACCEPTABLE,MODERATE
1,21,21,UCAUAAUGCUGGCAGACUUAC,42.9,63.6,-32.5,1.981,False,False,47.6,5.0,185.0,False,False,0,False,False,42.86,0,ACCEPTABLE,LOW
14,30,17,GAUUCACUUUCAUAAUG,29.4,45.0,-18.7,1.851,False,False,52.9,67.6,184.9,False,False,0,False,False,29.41,0,ACCEPTABLE,LOW
3,24,22,CUUUCAUAAUGCUGGCAGACUU,40.9,63.1,-33.1,1.949,False,False,50.0,5.0,184.8,False,False,0,False,False,40.91,0,ACCEPTABLE,LOW
17,34,18,GUAAGAUUCACUUUCAUA,27.8,48.2,-20.5,1.841,False,False,52.8,62.0,184.7,False,False,0,False,False,27.78,0,ACCEPTABLE,LOW
5,25,21,ACUUUCAUAAUGCUGGCAGAC,42.9,63.5,-32.3,1.981,False,False,45.2,5.0,184.4,False,False,0,False,False,42.86,0,ACCEPTABLE,LOW
18,38,21,AAAAGUAAGAUUCACUUUCAU,23.8,51.2,-23.7,1.776,False,False,59.5,56.1,184.3,False,False,0,True,False,23.81,1,ACCEPTABLE,MODERATE
6,26,21,CACUUUCAUAAUGCUGGCAGA,42.9,63.0,-32.3,1.981,False,False,45.2,5.0,183.8,False,False,0,False,False,42.86,0,ACCEPTABLE,LOW
15,32,18,AAGAUUCACUUUCAUAAU,22.2,45.5,-18.6,1.722,False,False,58.3,70.1,183.6,False,False,0,False,False,22.22,0,ACCEPTABLE,LOW
4,24,21,CUUUCAUAAUGCUGGCAGACU,42.9,63.0,-32.2,1.97,False,False,47.6,5.0,183.5,False,False,0,False,False,42.86,0,ACCEPTABLE,LOW
20,40,21,ACAAAAGUAAGAUUCACUUUC,28.6,53.1,-25.1,1.819,False,False,59.5,48.7,183.3,False,False,0,True,False,28.57,1,ACCEPTABLE,MODERATE
18,37,20,AAAGUAAGAUUCACUUUCAU,25.0,50.7,-22.8,1.802,False,False,57.5,55.1,181.8,False,False,0,False,False,25.0,0,ACCEPTABLE,LOW
18,42,25,UUACAAAAGUAAGAUUCACUUUCAU,24.0,56.3,-29.3,1.774,False,False,52.0,40.5,181.7,False,False,0,True,False,24.0,1,ACCEPTABLE,MODERATE
1,20,20,CAUAAUGCUGGCAGACUUAC,45.0,61.8,-31.3,1.985,False,False,50.0,5.0,180.5,False,False,0,False,False,45.0,0,ACCEPTABLE,LOW
20,42,23,UUACAAAAGUAAGAUUCACUUUC,26.1,54.2,-27.1,1.805,False,False,54.3,43.4,180.1,False,False,0,True,False,26.09,1,ACCEPTABLE,MODERATE
20,43,24,UUUACAAAAGUAAGAUUCACUUUC,25.0,54.5,-28.0,1.791,False,False,52.1,42.2,179.8,False,False,0,True,False,25.0,1,ACCEPTABLE,MODERATE
5,24,20,CUUUCAUAAUGCUGGCAGAC,45.0,61.6,-31.0,1.985,False,False,47.5,5.0,179.7,False,False,0,False,False,45.0,0,ACCEPTABLE,LOW
18,35,18,AGUAAGAUUCACUUUCAU,27.8,49.4,-21.0,1.841,False,False,58.3,55.5,179.6,False,False,0,False,False,27.78,0,ACCEPTABLE,LOW
16,33,18,UAAGAUUCACUUUCAUAA,22.2,45.8,-18.8,1.722,False,False,55.6,65.8,179.1,False,False,0,False,False,22.22,0,ACCEPTABLE,LOW
2,21,20,UCAUAAUGCUGGCAGACUUA,40.0,61.8,-30.2,1.971,False,False,45.0,5.0,178.7,False,False,0,False,False,40.0,0,ACCEPTABLE,LOW
6,25,20,ACUUUCAUAAUGCUGGCAGA,40.0,61.6,-30.0,1.971,False,False,47.5,5.0,178.1,False,False,0,False,False,40.0,0,ACCEPTABLE,LOW
4,23,20,UUUCAUAAUGCUGGCAGACU,40.0,61.6,-30.0,1.959,False,False,45.0,5.0,178.0,False,False,0,False,False,40.0,0,ACCEPTABLE,LOW
3,22,20,UUCAUAAUGCUGGCAGACUU,40.0,61.6,-30.0,1.959,False,False,45.0,5.0,178.0,False,False,0,False,False,40.0,0,ACCEPTABLE,LOW
20,39,20,CAAAAGUAAGAUUCACUUUC,30.0,50.6,-23.8,1.846,False,False,60.0,48.1,177.8,False,False,0,True,False,30.0,1,ACCEPTABLE,MODERATE
19,43,25,UUUACAAAAGUAAGAUUCACUUUCA,24.0,56.2,-29.3,1.774,False,False,50.0,37.1,177.4,False,False,0,True,False,24.0,1,ACCEPTABLE,MODERATE
4,22,19,UUCAUAAUGCUGGCAGACU,42.1,61.5,-29.1,1.978,False,False,42.1,5.0,176.6,False,False,0,False,False,42.11,0,ACCEPTABLE,LOW
3,21,19,UCAUAAUGCUGGCAGACUU,42.1,61.5,-29.1,1.978,False,False,44.7,5.0,176.6,False,False,0,False,False,42.11,0,ACCEPTABLE,LOW
19,37,19,AAAGUAAGAUUCACUUUCA,26.3,50.0,-21.9,1.813,False,False,57.9,51.7,176.2,False,False,0,False,False,26.32,0,ACCEPTABLE,LOW
19,38,20,AAAAGUAAGAUUCACUUUCA,25.0,50.6,-22.8,1.782,False,False,60.0,50.5,176.0,False,False,0,True,False,25.0,1,ACCEPTABLE,MODERATE
4,21,18,UCAUAAUGCUGGCAGACU,44.4,61.3,-28.2,1.991,False,False,41.7,5.0,175.2,False,False,0,False,False,44.44,0,ACCEPTABLE,LOW
1,19,19,AUAAUGCUGGCAGACUUAC,42.1,60.2,-29.0,1.978,False,False,52.6,5.0,174.6,False,False,0,False,False,42.11,0,ACCEPTABLE,LOW
5,23,19,UUUCAUAAUGCUGGCAGAC,42.1,60.1,-28.8,1.978,False,False,44.7,5.0,174.1,False,False,0,False,False,42.11,0,ACCEPTABLE,LOW
14,29,16,AUUCACUUUCAUAAUG,25.0,40.9,-16.1,1.749,False,False,53.1,69.5,173.9,False,False,0,False,False,25.0,0,ACCEPTABLE,LOW
2,20,19,CAUAAUGCUGGCAGACUUA,42.1,59.7,-29.0,1.978,False,False,47.4,5.0,173.9,False,False,0,False,False,42.11,0,ACCEPTABLE,LOW
15,31,17,AGAUUCACUUUCAUAAU,23.5,44.6,-17.7,1.739,False,False,55.9,63.5,173.8,False,False,0,False,False,23.53,0,ACCEPTABLE,LOW
6,24,19,CUUUCAUAAUGCUGGCAGA,42.1,59.5,-28.7,1.978,False,False,50.0,5.0,173.1,False,False,0,False,False,42.11,0,ACCEPTABLE,LOW
1,18,18,UAAUGCUGGCAGACUUAC,44.4,59.8,-28.1,1.991,False,False,55.6,5.0,172.8,False,False,0,False,False,44.44,0,ACCEPTABLE,LOW
5,22,18,UUCAUAAUGCUGGCAGAC,44.4,59.9,-27.9,1.991,False,False,41.7,5.0,172.5,False,False,0,False,False,44.44,0,ACCEPTABLE,LOW
3,20,18,CAUAAUGCUGGCAGACUU,44.4,59.3,-27.9,1.991,False,False,44.4,5.0,171.7,False,False,0,False,False,44.44,0,ACCEPTABLE,LOW
18,34,17,GUAAGAUUCACUUUCAU,29.4,47.1,-19.4,1.851,False,False,55.9,52.7,171.1,False,False,0,False,False,29.41,0,ACCEPTABLE,LOW
5,21,17,UCAUAAUGCUGGCAGAC,47.1,59.6,-27.0,1.993,False,False,44.1,5.0,170.9,False,False,0,False,False,47.06,0,ACCEPTABLE,LOW
15,30,16,GAUUCACUUUCAUAAU,25.0,41.8,-16.1,1.749,False,False,56.2,65.7,170.7,False,False,0,False,False,25.0,0,ACCEPTABLE,LOW
1,17,17,AAUGCUGGCAGACUUAC,47.1,59.4,-27.0,1.993,False,False,52.9,5.0,170.5,False,False,0,False,False,47.06,0,ACCEPTABLE,LOW
14,28,15,UUCACUUUCAUAAUG,26.7,39.6,-15.2,1.746,False,False,56.7,68.4,170.2,False,False,0,False,False,26.67,0,ACCEPTABLE,LOW
4,20,17,CAUAAUGCUGGCAGACU,47.1,59.0,-27.0,1.993,False,False,44.1,5.0,170.0,False,False,0,False,False,47.06,0,ACCEPTABLE,LOW
2,25,24,ACUUUCAUAAUGCUGGCAGACUUA,37.5,64.9,-35.5,1.949,False,False,50.0,5.0,169.9,False,False,0,False,False,37.5,0,ACCEPTABLE,LOW
16,32,17,AAGAUUCACUUUCAUAA,23.5,44.5,-17.7,1.739,False,False,58.8,60.1,169.6,False,False,0,False,False,23.53,0,ACCEPTABLE,LOW
20,44,25,UUUUACAAAAGUAAGAUUCACUUUC,24.0,54.9,-28.9,1.774,False,False,50.0,32.5,169.4,False,False,0,True,False,24.0,2,ACCEPTABLE,MODERATE
6,29,24,AUUCACUUUCAUAAUGCUGGCAGA,37.5,64.8,-35.3,1.949,False,False,39.6,5.0,169.4,False,False,0,False,False,37.5,0,ACCEPTABLE,LOW
3,25,23,ACUUUCAUAAUGCUGGCAGACUU,39.1,64.8,-34.4,1.953,False,False,47.8,5.0,168.9,False,False,0,False,False,39.13,0,ACCEPTABLE,LOW
1,16,16,AUGCUGGCAGACUUAC,50.0,59.1,-26.1,2.0,False,False,53.1,5.0,168.9,False,False,0,False,False,50.0,0,ACCEPTABLE,LOW
23,46,24,AGUUUUACAAAAGUAAGAUUCACU,25.0,55.7,-29.1,1.805,False,False,43.8,30.1,168.9,False,False,0,True,False,25.0,2,ACCEPTABLE,MODERATE
6,28,23,UUCACUUUCAUAAUGCUGGCAGA,39.1,64.7,-34.4,1.953,False,False,41.3,5.0,168.7,False,False,0,False,False,39.13,0,ACCEPTABLE,LOW
19,35,17,AGUAAGAUUCACUUUCA,29.4,48.7,-20.1,1.865,False,False,58.8,47.5,168.5,False,False,0,False,False,29.41,0,ACCEPTABLE,LOW
16,31,16,AGAUUCACUUUCAUAA,25.0,43.6,-16.8,1.764,False,False,56.2,59.8,167.5,False,False,0,False,False,25.0,0,ACCEPTABLE,LOW
1,23,23,UUUCAUAAUGCUGGCAGACUUAC,39.1,63.7,-34.3,1.953,False,False,52.2,5.0,167.1,False,False,0,False,False,39.13,0,ACCEPTABLE,LOW
1,15,15,UGCUGGCAGACUUAC,53.3,58.7,-25.2,1.99,False,False,56.7,5.0,166.8,False,False,0,False,False,53.33,0,ACCEPTABLE,LOW
2,24,23,CUUUCAUAAUGCUGGCAGACUUA,39.1,63.3,-34.2,1.953,False,False,52.2,5.0,166.4,False,False,0,False,False,39.13,0,ACCEPTABLE,LOW
2,18,17,UAAUGCUGGCAGACUUA,41.2,57.5,-25.8,1.971,False,False,52.9,5.0,165.6,False,False,0,False,False,41.18,0,ACCEPTABLE,LOW
6,22,17,UUCAUAAUGCUGGCAGA,41.2,57.5,-25.6,1.971,False,False,44.1,5.0,165.4,False,False,0,False,False,41.18,0,ACCEPTABLE,LOW
17,33,17,UAAGAUUCACUUUCAUA,23.5,44.9,-17.9,1.739,False,False,52.9,55.7,165.2,False,False,0,False,False,23.53,0,ACCEPTABLE,LOW
5,20,16,CAUAAUGCUGGCAGAC,50.0,57.1,-25.8,1.977,False,False,46.9,5.0,165.2,False,False,0,False,False,50.0,0,ACCEPTABLE,LOW
3,19,17,AUAAUGCUGGCAGACUU,41.2,57.3,-25.6,1.971,False,False,47.1,5.0,165.1,False,False,0,False,False,41.18,0,ACCEPTABLE,LOW
16,30,15,GAUUCACUUUCAUAA,26.7,40.6,-15.2,1.782,False,False,60.0,61.8,164.1,False,False,0,False,False,26.67,0,ACCEPTABLE,LOW
6,21,16,UCAUAAUGCUGGCAGA,43.8,57.2,-24.7,1.977,False,False,46.9,5.0,163.6,False,False,0,False,False,43.75,0,ACCEPTABLE,LOW
4,19,16,AUAAUGCUGGCAGACU,43.8,57.0,-24.7,1.977,False,False,46.9,5.0,163.3,False,False,0,False,False,43.75,0,ACCEPTABLE,LOW
2,17,16,AAUGCUGGCAGACUUA,43.8,56.9,-24.7,1.977,False,False,50.0,5.0,163.1,False,False,0,False,False,43.75,0,ACCEPTABLE,LOW
3,18,16,UAAUGCUGGCAGACUU,43.8,56.9,-24.7,1.977,False,False,50.0,5.0,163.1,False,False,0,False,False,43.75,0,ACCEPTABLE,LOW
18,36,19,AAGUAAGAUUCACUUUCAU,26.3,50.1,-21.9,1.824,False,False,60.5,56.8,162.5,False,False,0,False,False,26.32,0,ACCEPTABLE,LOW
24,45,22,GUUUUACAAAAGUAAGAUUCAC,27.3,52.3,-26.3,1.837,False,False,45.5,30.9,162.0,False,False,0,True,False,27.27,2,ACCEPTABLE,MODERATE
17,31,15,AGAUUCACUUUCAUA,26.7,42.5,-15.9,1.782,False,False,53.3,56.5,161.6,False,False,0,False,False,26.67,0,ACCEPTABLE,LOW
2,16,15,AUGCUGGCAGACUUA,46.7,56.5,-23.8,1.99,False,False,50.0,5.0,161.3,False,False,0,False,False,46.67,0,ACCEPTABLE,LOW
4,18,15,UAAUGCUGGCAGACU,46.7,56.5,-23.8,1.99,False,False,50.0,5.0,161.3,False,False,0,False,False,46.67,0,ACCEPTABLE,LOW
3,17,15,AAUGCUGGCAGACUU,46.7,56.2,-23.6,1.99,False,False,50.0,5.0,160.6,False,False,0,False,False,46.67,0,ACCEPTABLE,LOW
23,45,23,GUUUUACAAAAGUAAGAUUCACU,26.1,54.1,-27.5,1.826,False,False,43.5,26.5,160.5,False,False,0,True,False,26.09,2,ACCEPTABLE,MODERATE
17,32,16,AAGAUUCACUUUCAUA,25.0,43.6,-16.8,1.764,False,False,56.2,53.9,160.4,False,False,0,False,False,25.0,0,ACCEPTABLE,LOW
19,34,16,GUAAGAUUCACUUUCA,31.2,46.2,-18.5,1.883,False,False,56.2,44.9,160.4,False,False,0,False,False,31.25,0,ACCEPTABLE,LOW
24,47,24,AAGUUUUACAAAAGUAAGAUUCAC,25.0,54.4,-28.8,1.784,False,False,45.8,24.9,160.1,False,False,0,True,False,25.0,2,ACCEPTABLE,MODERATE
23,44,22,UUUUACAAAAGUAAGAUUCACU,22.7,51.7,-24.9,1.765,False,False,45.5,34.1,159.9,False,False,0,True,False,22.73,2,ACCEPTABLE,MODERATE
23,43,21,UUUACAAAAGUAAGAUUCACU,23.8,51.2,-24.0,1.776,False,False,47.6,35.1,159.6,False,False,0,True,False,23.81,1,ACCEPTABLE,MODERATE
2,23,22,UUUCAUAAUGCUGGCAGACUUA,36.4,62.0,-32.0,1.936,False,False,50.0,5.0,159.5,False,False,0,False,False,36.36,0,ACCEPTABLE,LOW
2,22,21,UUCAUAAUGCUGGCAGACUUA,38.1,61.9,-31.1,1.956,False,False,47.6,5.0,159.1,False,False,0,False,False,38.1,0,ACCEPTABLE,LOW
24,46,23,AGUUUUACAAAAGUAAGAUUCAC,26.1,54.1,-27.9,1.811,False,False,43.5,24.6,158.7,False,False,0,True,False,26.09,2,ACCEPTABLE,MODERATE
3,23,21,UUUCAUAAUGCUGGCAGACUU,38.1,61.7,-30.9,1.935,False,False,47.6,5.0,158.3,False,False,0,False,False,38.1,0,ACCEPTABLE,LOW
5,19,15,AUAAUGCUGGCAGAC,46.7,54.8,-23.5,1.966,False,False,50.0,5.0,158.2,False,False,0,False,False,46.67,0,ACCEPTABLE,LOW
18,33,16,UAAGAUUCACUUUCAU,25.0,43.6,-16.8,1.749,False,False,56.2,52.0,157.9,False,False,0,False,False,25.0,0,ACCEPTABLE,LOW
23,47,25,AAGUUUUACAAAAGUAAGAUUCACU,24.0,56.0,-30.0,1.781,False,False,44.0,19.8,157.6,False,False,0,True,False,24.0,2,ACCEPTABLE,MODERATE
6,20,15,CAUAAUGCUGGCAGA,46.7,54.3,-23.5,1.966,False,False,50.0,5.0,157.4,False,False,0,False,False,46.67,0,ACCEPTABLE,LOW
23,41,19,UACAAAAGUAAGAUUCACU,26.3,50.1,-22.2,1.78,False,False,52.6,35.1,156.5,False,False,0,True,False,26.32,1,ACCEPTABLE,MODERATE
19,36,18,AAGUAAGAUUCACUUUCA,27.8,49.4,-21.0,1.841,False,False,61.1,52.5,155.8,False,False,0,False,False,27.78,0,ACCEPTABLE,LOW
18,32,15,AAGAUUCACUUUCAU,26.7,42.1,-15.7,1.782,False,False,60.0,52.5,155.8,False,False,0,False,False,26.67,0,ACCEPTABLE,LOW
15,29,15,AUUCACUUUCAUAAU,20.0,37.1,-13.5,1.506,False,False,56.7,65.3,154.4,False,False,0,False,False,20.0,0,ACCEPTABLE,LOW
23,42,20,UUACAAAAGUAAGAUUCACU,25.0,50.7,-23.1,1.782,False,False,50.0,32.0,154.4,False,False,0,True,False,25.0,1,ACCEPTABLE,MODERATE
20,34,15,GUAAGAUUCACUUUC,33.3,43.0,-17.2,1.889,False,False,60.0,42.7,152.1,False,False,0,False,False,33.33,0,ACCEPTABLE,LOW
23,40,18,ACAAAAGUAAGAUUCACU,27.8,49.1,-21.1,1.765,False,False,55.6,32.8,151.3,False,False,0,True,False,27.78,1,ACCEPTABLE,MODERATE
24,44,21,UUUUACAAAAGUAAGAUUCAC,23.8,49.8,-23.7,1.776,False,False,47.6,30.2,151.1,False,False,0,True,False,23.81,2,ACCEPTABLE,MODERATE
24,43,20,UUUACAAAAGUAAGAUUCAC,25.0,49.2,-22.8,1.782,False,False,50.0,30.5,149.9,False,False,0,True,False,25.0,1,ACCEPTABLE,MODERATE
19,33,15,UAAGAUUCACUUUCA,26.7,42.5,-15.9,1.782,False,False,56.7,46.7,149.8,False,False,0,False,False,26.67,0,ACCEPTABLE,LOW
24,48,25,AAAGUUUUACAAAAGUAAGAUUCAC,24.0,54.8,-29.7,1.757,False,False,46.0,14.6,148.9,False,False,0,True,False,24.0,2,ACCEPTABLE,MODERATE
24,42,19,UUACAAAAGUAAGAUUCAC,26.3,48.6,-21.9,1.78,False,False,52.6,30.5,148.3,False,False,0,True,False,26.32,1,ACCEPTABLE,MODERATE
20,37,18,AAAGUAAGAUUCACUUUC,27.8,47.5,-20.6,1.841,False,False,61.1,48.7,147.8,False,False,0,False,False,27.78,0,ACCEPTABLE,LOW
25,46,22,AGUUUUACAAAAGUAAGAUUCA,22.7,51.7,-25.6,1.749,False,False,43.2,23.1,147.6,False,False,0,True,False,22.73,2,ACCEPTABLE,MODERATE
25,48,24,AAAGUUUUACAAAAGUAAGAUUCA,20.8,52.6,-27.4,1.692,False,False,45.8,20.7,147.3,False,False,0,True,False,20.83,2,ACCEPTABLE,MODERATE
2,19,18,AUAAUGCUGGCAGACUUA,38.9,57.9,-26.7,1.955,False,False,50.0,5.0,146.9,False,False,0,False,False,38.89,0,ACCEPTABLE,LOW
24,41,18,UACAAAAGUAAGAUUCAC,27.8,47.8,-21.0,1.765,False,False,55.6,30.9,146.8,False,False,0,True,False,27.78,1,ACCEPTABLE,MODERATE
6,23,18,UUUCAUAAUGCUGGCAGA,38.9,57.8,-26.5,1.955,False,False,47.2,5.0,146.5,False,False,0,False,False,38.89,0,ACCEPTABLE,LOW
25,45,21,GUUUUACAAAAGUAAGAUUCA,23.8,49.8,-24.0,1.776,False,False,45.2,25.9,146.4,False,False,0,True,False,23.81,2,ACCEPTABLE,MODERATE
20,38,19,AAAAGUAAGAUUCACUUUC,26.3,48.2,-21.5,1.813,False,False,63.2,45.9,146.0,False,False,0,True,False,26.32,1,ACCEPTABLE,MODERATE
25,47,23,AAGUUUUACAAAAGUAAGAUUCA,21.7,52.2,-26.5,1.721,False,False,43.5,19.4,144.4,False,False,0,True,False,21.74,2,ACCEPTABLE,MODERATE
23,39,17,CAAAAGUAAGAUUCACU,29.4,45.9,-19.8,1.808,False,False,55.9,28.5,140.6,False,False,0,True,False,29.41,1,ACCEPTABLE,MODERATE
21,35,15,AGUAAGAUUCACUUU,26.7,41.6,-16.6,1.832,False,False,60.0,38.7,140.3,False,False,0,False,False,26.67,0,ACCEPTABLE,LOW
21,42,22,UUACAAAAGUAAGAUUCACUUU,22.7,51.7,-24.9,1.765,False,True,52.3,42.7,140.2,False,False,0,True,False,22.73,1,ACCEPTABLE,MODERATE
26,46,21,AGUUUUACAAAAGUAAGAUUC,23.8,49.6,-24.3,1.776,False,False,45.2,20.5,140.0,False,False,0,True,False,23.81,2,ACCEPTABLE,MODERATE
21,41,21,UACAAAAGUAAGAUUCACUUU,23.8,51.2,-24.0,1.776,False,True,54.8,43.4,139.6,False,False,0,True,False,23.81,1,ACCEPTABLE,MODERATE
26,47,22,AAGUUUUACAAAAGUAAGAUUC,22.7,50.1,-25.2,1.749,False,False,43.2,18.9,139.5,False,False,0,True,False,22.73,2,ACCEPTABLE,MODERATE
20,35,16,AGUAAGAUUCACUUUC,31.2,45.8,-18.8,1.883,False,False,62.5,43.4,138.5,False,False,0,False,False,31.25,0,ACCEPTABLE,LOW
22,45,24,GUUUUACAAAAGUAAGAUUCACUU,25.0,54.4,-28.4,1.811,False,True,45.8,31.8,138.0,False,False,0,True,False,25.0,2,ACCEPTABLE,MODERATE
21,40,20,ACAAAAGUAAGAUUCACUUU,25.0,50.4,-22.9,1.782,False,True,57.5,43.6,137.6,False,False,0,True,False,25.0,1,ACCEPTABLE,MODERATE
26,48,23,AAAGUUUUACAAAAGUAAGAUUC,21.7,50.7,-26.1,1.721,False,False,45.7,16.0,137.4,False,False,0,True,False,21.74,2,ACCEPTABLE,MODERATE
21,44,24,UUUUACAAAAGUAAGAUUCACUUU,20.8,52.6,-26.7,1.731,False,True,50.0,37.8,137.1,False,False,0,True,False,20.83,2,ACCEPTABLE,MODERATE
26,49,24,UAAAGUUUUACAAAAGUAAGAUUC,20.8,51.4,-27.2,1.718,False,False,47.9,13.3,136.5,False,False,0,True,False,20.83,2,ACCEPTABLE,MODERATE
20,36,17,AAGUAAGAUUCACUUUC,29.4,46.7,-19.7,1.865,False,False,64.7,40.5,136.5,False,False,0,False,False,29.41,0,ACCEPTABLE,LOW
25,44,20,UUUUACAAAAGUAAGAUUCA,20.0,47.0,-21.4,1.713,False,False,45.0,26.2,136.2,False,False,0,True,False,20.0,2,ACCEPTABLE,MODERATE
26,45,20,GUUUUACAAAAGUAAGAUUC,25.0,47.4,-22.7,1.802,False,False,47.5,21.3,136.2,False,False,0,True,False,25.0,2,ACCEPTABLE,MODERATE
21,45,25,GUUUUACAAAAGUAAGAUUCACUUU,24.0,54.8,-29.3,1.794,False,True,48.0,28.6,135.4,False,False,0,True,False,24.0,2,ACCEPTABLE,MODERATE
25,49,25,UAAAGUUUUACAAAAGUAAGAUUCA,20.0,53.3,-28.5,1.693,False,False,46.0,8.5,134.8,False,False,0,True,False,20.0,2,ACCEPTABLE,MODERATE
28,49,22,UAAAGUUUUACAAAAGUAAGAU,18.2,48.2,-24.1,1.62,False,False,52.3,21.7,134.7,False,False,0,True,False,18.18,2,ACCEPTABLE,MODERATE
27,48,22,AAAGUUUUACAAAAGUAAGAUU,18.2,47.9,-23.9,1.62,False,False,47.7,22.0,134.3,False,False,0,True,False,18.18,2,ACCEPTABLE,MODERATE
25,43,19,UUUACAAAAGUAAGAUUCA,21.1,46.2,-20.5,1.72,False,False,47.4,26.0,134.1,False,False,0,True,False,21.05,1,ACCEPTABLE,MODERATE
22,42,21,UUACAAAAGUAAGAUUCACUU,23.8,51.2,-24.0,1.776,False,True,52.4,38.5,133.7,False,False,0,True,False,23.81,1,ACCEPTABLE,MODERATE
24,40,17,ACAAAAGUAAGAUUCAC,29.4,46.7,-19.9,1.732,False,False,58.8,22.0,133.4,False,False,0,True,False,29.41,1,ACCEPTABLE,MODERATE
21,43,23,UUUACAAAAGUAAGAUUCACUUU,21.7,52.2,-25.8,1.749,False,True,50.0,35.8,133.3,False,False,0,True,False,21.74,1,ACCEPTABLE,MODERATE
22,43,22,UUUACAAAAGUAAGAUUCACUU,22.7,51.7,-24.9,1.765,False,True,50.0,36.9,133.3,False,False,0,True,False,22.73,1,ACCEPTABLE,MODERATE
22,41,20,UACAAAAGUAAGAUUCACUU,25.0,50.7,-23.1,1.782,False,True,55.0,39.0,132.8,False,False,0,True,False,25.0,1,ACCEPTABLE,MODERATE
29,50,22,AUAAAGUUUUACAAAAGUAAGA,18.2,48.2,-24.1,1.583,False,False,52.3,20.4,132.7,False,False,0,True,False,18.18,2,ACCEPTABLE,MODERATE
22,46,25,AGUUUUACAAAAGUAAGAUUCACUU,24.0,56.0,-30.0,1.794,False,True,46.0,22.1,130.5,False,False,0,True,False,24.0,2,ACCEPTABLE,MODERATE
21,39,19,CAAAAGUAAGAUUCACUUU,26.3,47.5,-21.6,1.813,False,True,57.9,42.2,130.5,False,False,0,True,False,26.32,1,ACCEPTABLE,MODERATE
22,40,19,ACAAAAGUAAGAUUCACUU,26.3,49.8,-22.0,1.78,False,True,57.9,38.9,130.3,False,False,0,True,False,26.32,1,ACCEPTABLE,MODERATE
27,47,21,AAGUUUUACAAAAGUAAGAUU,19.0,47.2,-23.0,1.648,False,False,45.2,19.5,129.7,False,False,0,True,False,19.05,2,ACCEPTABLE,MODERATE
27,50,24,AUAAAGUUUUACAAAAGUAAGAUU,16.7,49.4,-25.9,1.594,False,False,47.9,14.4,129.5,False,False,0,True,False,16.67,2,ACCEPTABLE,MODERATE
26,50,25,AUAAAGUUUUACAAAAGUAAGAUUC,20.0,51.9,-28.1,1.693,False,False,46.0,6.2,129.4,False,False,0,True,False,20.0,2,ACCEPTABLE,MODERATE
29,49,21,UAAAGUUUUACAAAAGUAAGA,19.0,47.4,-23.2,1.615,False,False,54.8,18.9,129.3,False,False,0,True,False,19.05,2,ACCEPTABLE,MODERATE
28,48,21,AAAGUUUUACAAAAGUAAGAU,19.0,47.2,-23.0,1.615,False,False,50.0,19.4,129.2,False,False,0,True,False,19.05,2,ACCEPTABLE,MODERATE
27,46,20,AGUUUUACAAAAGUAAGAUU,20.0,46.4,-22.1,1.675,False,False,47.5,20.5,129.2,False,False,0,True,False,20.0,2,ACCEPTABLE,MODERATE
25,42,18,UUACAAAAGUAAGAUUCA,22.2,45.4,-19.6,1.718,False,False,50.0,23.3,128.8,False,False,0,True,False,22.22,1,ACCEPTABLE,MODERATE
23,38,16,AAAAGUAAGAUUCACU,25.0,42.7,-17.5,1.75,False,False,59.4,27.8,128.7,False,False,0,True,False,25.0,1,ACCEPTABLE,MODERATE
24,39,16,CAAAAGUAAGAUUCAC,31.2,43.2,-18.6,1.781,False,False,59.4,22.9,128.5,False,False,0,True,False,31.25,1,ACCEPTABLE,MODERATE
23,37,15,AAAGUAAGAUUCACU,26.7,41.6,-16.6,1.797,False,False,60.0,29.0,128.4,False,False,0,False,False,26.67,0,ACCEPTABLE,LOW
22,44,23,UUUUACAAAAGUAAGAUUCACUU,21.7,52.2,-25.8,1.749,False,True,47.8,31.1,127.7,False,False,0,True,False,21.74,2,ACCEPTABLE,MODERATE
30,50,21,AUAAAGUUUUACAAAAGUAAG,19.0,45.0,-22.5,1.615,False,False,54.8,21.3,127.5,False,False,0,True,False,19.05,2,ACCEPTABLE,MODERATE
28,47,20,AAGUUUUACAAAAGUAAGAU,20.0,46.4,-22.1,1.648,False,False,47.5,19.3,127.4,False,False,0,True,False,20.0,2,ACCEPTABLE,MODERATE
27,49,23,UAAAGUUUUACAAAAGUAAGAUU,17.4,48.8,-25.0,1.619,False,False,50.0,13.6,126.9,False,False,0,True,False,17.39,2,ACCEPTABLE,MODERATE
28,50,23,AUAAAGUUUUACAAAAGUAAGAU,17.4,48.8,-25.0,1.592,False,False,50.0,13.7,126.8,False,False,0,True,False,17.39,2,ACCEPTABLE,MODERATE
29,46,18,AGUUUUACAAAAGUAAGA,22.2,44.7,-20.3,1.676,False,False,52.8,21.5,126.2,False,False,0,True,False,22.22,2,ACCEPTABLE,MODERATE
28,46,19,AGUUUUACAAAAGUAAGAU,21.1,45.6,-21.2,1.68,False,False,50.0,19.5,125.9,False,False,0,True,False,21.05,2,ACCEPTABLE,MODERATE
29,48,20,AAAGUUUUACAAAAGUAAGA,20.0,46.4,-22.1,1.601,False,False,52.5,18.3,125.6,False,False,0,True,False,20.0,2,ACCEPTABLE,MODERATE
27,45,19,GUUUUACAAAAGUAAGAUU,21.1,44.0,-20.5,1.7,False,False,50.0,21.7,125.3,False,False,0,True,False,21.05,2,ACCEPTABLE,MODERATE
26,44,19,UUUUACAAAAGUAAGAUUC,21.1,44.3,-20.1,1.74,False,False,44.7,21.4,125.2,False,False,0,True,False,21.05,2,ACCEPTABLE,MODERATE
29,47,19,AAGUUUUACAAAAGUAAGA,21.1,45.6,-21.2,1.638,False,False,50.0,19.2,125.2,False,False,0,True,False,21.05,2,ACCEPTABLE,MODERATE
22,39,18,CAAAAGUAAGAUUCACUU,27.8,46.7,-20.7,1.816,False,True,58.3,38.6,124.5,False,False,0,True,False,27.78,1,ACCEPTABLE,MODERATE
28,45,18,GUUUUACAAAAGUAAGAU,22.2,43.0,-19.6,1.711,False,False,52.8,21.1,122.5,False,False,0,True,False,22.22,2,ACCEPTABLE,MODERATE
21,36,16,AAGUAAGAUUCACUUU,25.0,42.7,-17.5,1.811,False,False,62.5,38.7,122.4,False,False,0,False,False,25.0,0,ACCEPTABLE,LOW
30,49,20,UAAAGUUUUACAAAAGUAAG,20.0,44.1,-21.6,1.648,False,False,57.5,18.5,122.2,False,False,0,True,False,20.0,2,ACCEPTABLE,MODERATE
25,41,17,UACAAAAGUAAGAUUCA,23.5,44.5,-18.7,1.703,False,False,52.9,19.6,122.2,False,False,0,True,False,23.53,1,ACCEPTABLE,MODERATE
30,48,19,AAAGUUUUACAAAAGUAAG,21.1,42.7,-20.5,1.638,False,False,55.3,20.3,121.1,False,False,0,True,False,21.05,2,ACCEPTABLE,MODERATE
26,43,18,UUUACAAAAGUAAGAUUC,22.2,43.4,-19.2,1.753,False,False,47.2,18.9,120.2,False,False,0,True,False,22.22,1,ACCEPTABLE,MODERATE
30,47,18,AAGUUUUACAAAAGUAAG,22.2,41.7,-19.6,1.676,False,False,52.8,19.6,118.3,False,False,0,True,False,22.22,2,ACCEPTABLE,MODERATE
25,40,16,ACAAAAGUAAGAUUCA,25.0,43.2,-17.6,1.67,False,False,56.2,17.9,116.8,False,False,0,True,False,25.0,1,ACCEPTABLE,MODERATE
26,42,17,UUACAAAAGUAAGAUUC,23.5,42.4,-18.3,1.757,False,False,47.1,15.9,114.5,False,False,0,True,False,23.53,1,ACCEPTABLE,MODERATE
29,45,17,GUUUUACAAAAGUAAGA,23.5,42.0,-18.7,1.713,False,False,55.9,15.4,113.4,False,False,0,True,False,23.53,2,ACCEPTABLE,MODERATE
26,41,16,UACAAAAGUAAGAUUC,25.0,41.3,-17.4,1.75,False,False,50.0,15.2,111.3,False,False,0,True,False,25.0,1,ACCEPTABLE,MODERATE
27,44,18,UUUUACAAAAGUAAGAUU,16.7,40.4,-17.9,1.634,False,False,47.2,19.4,110.4,False,False,0,True,False,16.67,2,ACCEPTABLE,MODERATE
25,39,15,CAAAAGUAAGAUUCA,26.7,39.1,-16.3,1.723,False,False,56.7,18.1,110.4,False,False,0,True,False,26.67,1,ACCEPTABLE,MODERATE
30,46,17,AGUUUUACAAAAGUAAG,23.5,40.6,-18.7,1.713,False,False,52.9,13.5,109.0,False,False,0,True,False,23.53,2,ACCEPTABLE,MODERATE
26,40,15,ACAAAAGUAAGAUUC,26.7,39.6,-16.3,1.723,False,False,53.3,15.0,107.4,False,False,0,True,False,26.67,1,ACCEPTABLE,MODERATE
30,45,16,GUUUUACAAAAGUAAG,25.0,37.3,-17.1,1.749,False,False,56.2,16.6,106.6,False,False,0,True,False,25.0,2,ACCEPTABLE,MODERATE
28,44,17,UUUUACAAAAGUAAGAU,17.6,39.2,-17.0,1.646,False,False,50.0,15.9,103.7,False,False,0,True,False,17.65,2,ACCEPTABLE,MODERATE
27,43,17,UUUACAAAAGUAAGAUU,17.6,39.2,-17.0,1.646,False,False,50.0,14.8,102.4,False,False,0,True,False,17.65,1,ACCEPTABLE,MODERATE
21,38,18,AAAAGUAAGAUUCACUUU,22.2,44.7,-19.3,1.753,False,True,61.1,42.8,101.0,False,False,0,True,False,22.22,1,ACCEPTABLE,MODERATE
24,38,15,AAAAGUAAGAUUCAC,26.7,39.6,-16.3,1.723,False,False,63.3,25.3,99.8,False,False,0,True,False,26.67,1,ACCEPTABLE,MODERATE
32,47,16,AAGUUUUACAAAAGUA,18.8,37.3,-16.1,1.649,False,False,59.4,15.1,99.1,False,False,0,True,False,18.75,2,ACCEPTABLE,MODERATE
27,42,16,UUACAAAAGUAAGAUU,18.8,37.9,-16.1,1.649,False,False,50.0,14.0,98.7,False,False,0,True,False,18.75,1,ACCEPTABLE,MODERATE
28,43,16,UUUACAAAAGUAAGAU,18.8,37.9,-16.1,1.649,False,False,53.1,13.8,98.4,False,False,0,True,False,18.75,1,ACCEPTABLE,MODERATE
27,41,15,UACAAAAGUAAGAUU,20.0,36.4,-15.2,1.64,False,False,50.0,16.3,98.4,False,False,0,True,False,20.0,1,ACCEPTABLE,MODERATE
29,44,16,UUUUACAAAAGUAAGA,18.8,37.9,-16.1,1.649,False,False,53.1,13.8,98.4,False,False,0,True,False,18.75,2,ACCEPTABLE,MODERATE
28,42,15,UUACAAAAGUAAGAU,20.0,36.4,-15.2,1.64,False,False,53.3,16.2,98.3,False,False,0,True,False,20.0,1,ACCEPTABLE,MODERATE
29,43,15,UUUACAAAAGUAAGA,20.0,36.5,-15.2,1.64,False,False,56.7,13.4,95.0,False,False,0,True,False,20.0,1,ACCEPTABLE,MODERATE
32,46,15,AGUUUUACAAAAGUA,20.0,35.8,-15.2,1.689,False,False,56.7,13.1,94.2,False,False,0,True,False,20.0,2,ACCEPTABLE,MODERATE
32,50,19,AUAAAGUUUUACAAAAGUA,15.8,41.5,-19.0,1.578,False,False,60.5,20.0,93.3,False,False,0,True,False,15.79,2,ACCEPTABLE,MODERATE
32,49,18,UAAAGUUUUACAAAAGUA,16.7,40.4,-18.1,1.612,False,False,63.9,21.5,92.9,False,False,0,True,False,16.67,2,ACCEPTABLE,MODERATE
30,44,15,UUUUACAAAAGUAAG,20.0,32.5,-14.5,1.689,False,False,53.3,16.6,92.4,False,False,0,True,False,20.0,2,ACCEPTABLE,MODERATE
21,37,17,AAAGUAAGAUUCACUUU,23.5,43.8,-18.4,1.784,False,True,64.7,36.2,91.2,False,False,0,False,False,23.53,0,ACCEPTABLE,LOW
33,50,18,AUAAAGUUUUACAAAAGU,16.7,39.9,-17.9,1.612,False,False,63.9,18.1,87.9,False,False,0,True,False,16.67,2,ACCEPTABLE,MODERATE
22,37,16,AAAGUAAGAUUCACUU,25.0,42.7,-17.5,1.796,False,True,62.5,34.4,87.1,False,False,0,False,False,25.0,0,ACCEPTABLE,LOW
31,50,20,AUAAAGUUUUACAAAAGUAA,15.0,42.5,-19.9,1.544,False,True,57.5,20.0,85.5,False,False,0,True,False,15.0,2,ACCEPTABLE,MODERATE
22,38,17,AAAAGUAAGAUUCACUU,23.5,43.8,-18.4,1.757,False,True,61.8,31.6,85.5,False,False,0,True,False,23.53,1,ACCEPTABLE,MODERATE
22,36,15,AAGUAAGAUUCACUU,26.7,41.6,-16.6,1.832,False,True,63.3,33.3,83.9,False,False,0,False,False,26.67,0,ACCEPTABLE,LOW
32,48,17,AAAGUUUUACAAAAGUA,17.6,38.7,-17.0,1.609,False,False,61.8,14.7,81.2,False,False,0,True,False,17.65,2,ACCEPTABLE,MODERATE
33,49,17,UAAAGUUUUACAAAAGU,17.6,38.7,-17.0,1.646,False,False,67.6,14.0,80.6,False,False,0,True,False,17.65,2,ACCEPTABLE,MODERATE
33,48,16,AAAGUUUUACAAAAGU,18.8,36.8,-15.9,1.649,False,False,65.6,15.8,79.0,False,False,0,True,False,18.75,2,ACCEPTABLE,MODERATE
31,48,18,AAAGUUUUACAAAAGUAA,16.7,39.9,-17.9,1.568,False,True,58.3,18.4,77.8,False,False,0,True,False,16.67,2,ACCEPTABLE,MODERATE
33,47,15,AAGUUUUACAAAAGU,20.0,35.3,-15.0,1.689,False,False,63.3,14.4,74.6,False,False,0,True,False,20.0,2,ACCEPTABLE,MODERATE
34,50,17,AUAAAGUUUUACAAAAG,17.6,35.7,-16.3,1.609,False,False,64.7,13.8,74.5,False,False,0,True,False,17.65,2,ACCEPTABLE,MODERATE
34,49,16,UAAAGUUUUACAAAAG,18.8,34.2,-15.4,1.649,False,False,68.8,15.9,74.4,False,False,0,True,False,18.75,2,ACCEPTABLE,MODERATE
34,48,15,AAAGUUUUACAAAAG,20.0,31.9,-14.3,1.64,False,False,66.7,16.7,70.7,False,False,0,True,False,20.0,2,ACCEPTABLE,MODERATE
31,47,17,AAGUUUUACAAAAGUAA,17.6,38.7,-17.0,1.609,False,True,55.9,14.0,70.3,False,False,0,True,False,17.65,2,ACCEPTABLE,MODERATE
31,46,16,AGUUUUACAAAAGUAA,18.8,37.3,-16.1,1.649,False,True,56.2,14.2,68.0,False,False,0,True,False,18.75,2,ACCEPTABLE,MODERATE
31,45,15,GUUUUACAAAAGUAA,20.0,33.8,-14.5,1.689,False,True,60.0,15.9,63.3,False,False,0,True,False,20.0,2,ACCEPTABLE,MODERATE
31,49,19,UAAAGUUUUACAAAAGUAA,15.8,41.5,-19.0,1.578,False,True,60.5,18.9,62.1,False,False,0,True,False,15.79,2,ACCEPTABLE,MODERATE
36,50,15,AUAAAGUUUUACAAA,13.3,30.3,-12.8,1.533,False,False,66.7,13.7,58.0,False,False,0,True,False,13.33,1,ACCEPTABLE,MODERATE
35,50,16,AUAAAGUUUUACAAAA,12.5,32.1,-13.7,1.491,False,True,68.8,13.7,31.3,False,False,0,True,False,12.5,2,ACCEPTABLE,MODERATE
35,49,15,UAAAGUUUUACAAAA,13.3,30.4,-12.8,1.533,False,True,73.3,15.4,30.2,False,False,0,True,False,13.33,2,ACCEPTABLE,MODERATE
